2023/02/15 21:25:45,45
2023/02/15 21:30:05,44
2023/02/15 22:12:23,43
2023/02/15 22:16:34,45
2023/02/15 22:19:25,44
2023/02/23 02:23:19,46
2023/03/13 20:15:16,45
2023/03/13 20:20:27,46
2023/03/13 20:22:17,45
2023/03/13 20:32:44,44
2023/03/13 20:33:04,45
2023/03/13 20:38:04,44
2023/03/13 21:22:32,43
2023/03/13 22:51:56,44
2023/03/13 22:53:58,43
2023/03/13 22:54:28,44
2023/03/14 00:49:33,43
2023/03/14 00:58:34,44
2023/03/14 01:01:53,43
2023/03/14 01:11:15,44
2023/03/14 01:12:01,43
2023/03/14 01:15:28,44
2023/03/16 01:08:50,45
2023/03/16 01:34:06,44
2023/03/16 01:40:29,45
2023/03/16 01:43:30,46
