2023/03/09 14:43:10,3983
2023/03/10 15:41:45,4045
2023/03/14 08:02:32,4101
2023/03/14 08:07:01,4102
2023/03/14 10:26:16,4103
2023/03/14 10:54:34,4104
2023/03/14 12:02:07,4105
2023/03/14 13:10:12,4110
2023/03/14 13:20:25,4111
2023/03/14 13:34:58,4112
2023/03/16 08:03:16,4153
2023/03/16 12:01:35,4174
2023/03/16 12:36:04,4175
2023/03/16 13:14:19,4181
2023/03/16 13:31:13,4183
2023/03/16 13:34:50,4184
2023/03/21 10:13:35,4325
2023/03/22 14:16:22,4373
2023/03/22 14:23:02,4374
2023/04/25 08:50:29,5203
2023/04/25 08:59:20,5205
2023/07/17 11:48:32,6712
2023/07/25 17:43:02,6847
2023/09/26 17:19:38,7688
2025/02/13 13:28:48,39575
2025/02/13 14:54:42,39583
2025/02/13 14:58:51,39585
2025/02/13 17:03:00,39591
2025/02/13 17:36:04,39592
2025/02/13 18:05:32,39594
2025/02/13 18:51:45,39597
2025/02/13 19:12:29,39598
2025/02/13 19:51:19,39599
2025/02/14 00:13:44,39607
2025/02/14 02:18:13,39611
2025/02/14 08:23:25,39618
2025/02/14 08:24:39,39619
2025/02/14 08:46:52,39620
2025/02/14 09:21:59,39621
2025/02/14 09:41:54,39622
2025/02/14 09:56:06,39623
2025/02/14 10:46:22,39625
2025/02/14 11:06:37,39626
2025/02/14 11:43:33,39627
2025/02/14 12:31:37,39631
2025/02/14 13:36:47,39635
2025/02/14 14:22:52,39638
