2023/03/09 14:43:10,5236
2023/03/09 14:47:28,5237
2023/03/10 15:41:45,5264
2023/03/14 08:02:32,5297
2023/03/14 10:26:16,5299
2023/03/14 10:29:32,5300
2023/03/14 11:52:45,5301
2023/03/14 12:02:07,5302
2023/03/14 13:34:58,5303
2023/03/16 08:03:16,5333
2023/03/16 12:01:35,5346
2023/03/16 12:38:19,5347
2023/03/16 13:31:13,5348
2023/03/16 13:54:37,5349
2023/03/21 10:13:35,5501
2023/03/22 14:16:22,5592
2023/03/22 14:23:02,5593
2023/04/25 08:50:29,6120
2023/04/25 08:59:20,6124
2023/04/25 09:11:29,6125
2023/07/17 11:48:32,8277
2023/07/25 17:43:02,8494
2023/07/25 18:03:05,8495
2023/09/26 17:19:38,9705
