2023/03/09 14:43:10,212
2023/03/10 15:41:45,214
2023/03/14 08:02:32,216
2023/03/14 10:26:16,217
2023/03/16 08:03:16,219
2023/03/16 12:01:35,220
2023/03/16 13:31:13,221
2023/03/21 10:13:35,228
2023/03/22 14:16:22,231
2023/04/25 08:50:29,274
2023/07/17 11:48:32,366
2023/07/25 17:43:02,378
2023/09/26 17:19:38,450
2025/02/13 13:28:48,1663
2025/02/13 14:54:42,1664
2025/02/13 18:05:32,1665
2025/02/14 02:18:13,1666
2025/02/14 11:06:05,1667
2025/02/19 10:55:21,1674
2025/02/28 08:34:13,1696
2025/02/28 08:42:27,1697
